season,competition,team,first_match,shots,goals,xg,statsbomb_xg,luck_low,luck_high,goals_minus_xg
2004/2005,La Liga,Barcelona,2004-10-24,6,1,0.8289660326323111,0.5749098659999999,-0.8289660326323111,2.171033967367689,0.17103396736768894
2005/2006,La Liga,Barcelona,2005-10-01,38,6,5.759155852971685,4.8139931107999985,-3.759155852971685,4.240844147028315,0.24084414702831491
2006/2007,La Liga,Barcelona,2006-08-28,63,14,10.084645799224864,8.122675090200001,-5.084645799224864,4.915354200775136,3.915354200775136
2007/2008,La Liga,Barcelona,2007-08-26,61,4,5.718345785544322,5.1519924345,-3.7183457855443223,4.281654214455678,-1.7183457855443223
2008/2009,La Liga,Barcelona,2008-08-31,107,20,16.060776729653924,13.794736366,-6.060776729653924,6.939223270346076,3.9392232703460763
2008/2009,Champions League,Barcelona,2009-05-27,2,1,0.35887967686924754,0.243071227,-0.35887967686924754,0.6411203231307525,0.6411203231307525
2009/2010,La Liga,Barcelona,2009-09-12,160,33,26.377476634687703,20.1610912192,-8.377476634687703,8.622523365312297,6.622523365312297
2010/2011,La Liga,Barcelona,2010-08-29,142,27,24.60780638963749,21.0359311441,-7.607806389637489,8.392193610362511,2.3921936103625114
2010/2011,Champions League,Barcelona,2011-05-28,5,1,0.7519741817116704,0.9681681499999999,-0.7519741817116704,1.2480258182883297,0.2480258182883296
2011/2012,La Liga,Barcelona,2011-08-29,187,40,31.45238695773472,27.0315435534,-8.45238695773472,9.54761304226528,8.54761304226528
2012/2013,La Liga,Barcelona,2012-08-19,154,42,22.922659775027412,18.857380291,-6.922659775027412,8.077340224972588,19.077340224972588
2013/2014,La Liga,Barcelona,2013-08-18,155,22,22.429656729042275,18.1739476037,-7.429656729042275,7.570343270957725,-0.42965672904227503
2014/2015,La Liga,Barcelona,2014-08-24,180,38,28.0709006254817,24.4177063434,-8.070900625481698,8.929099374518302,9.929099374518302
2014/2015,Champions League,Barcelona,2015-06-06,3,0,0.22323509738639907,0.13878946,-0.22323509738639907,0.776764902613601,-0.22323509738639907
2015/2016,La Liga,Barcelona,2015-08-23,151,23,19.90516852897356,15.779103948499998,-6.905168528973562,7.094831471026438,3.0948314710264384
2016/2017,La Liga,Barcelona,2016-08-20,170,31,21.633318098399755,17.445247860499997,-7.633318098399755,8.366681901600245,9.366681901600245
2017/2018,La Liga,Barcelona,2017-08-20,194,32,23.328031035386964,20.6637649313,-8.328031035386964,8.671968964613036,8.671968964613036
2018,FIFA World Cup,Argentina,2018-06-16,17,1,1.4201456860215467,1.0934501294,-1.4201456860215467,2.579854313978453,-0.42014568602154667
2018/2019,La Liga,Barcelona,2018-08-18,166,32,19.73298320853392,16.9595196765,-6.73298320853392,7.26701679146608,12.26701679146608
2019/2020,La Liga,Barcelona,2019-09-21,154,20,16.856611155338662,13.6059439391,-6.856611155338662,7.143388844661338,3.143388844661338
2020/2021,La Liga,Barcelona,2020-09-27,190,27,22.016371954637023,18.952503677,-7.016371954637023,7.983628045362977,4.983628045362977
2021/2022,Ligue 1,Paris Saint-Germain,2021-09-19,89,6,10.2835477465241,9.263612410999999,-5.2835477465241,5.7164522534759,-4.2835477465241
2022/2023,Ligue 1,Paris Saint-Germain,2022-08-06,129,16,15.72239154835798,13.866687492499999,-6.7223915483579795,7.2776084516420205,0.2776084516420205
2022,FIFA World Cup,Argentina,2022-11-22,27,3,2.499316085295882,2.114149225,-2.499316085295882,3.500683914704118,0.5006839147041182
2023,Major League Soccer,Inter Miami,2023-08-27,20,1,2.732283854772951,2.4725671,-1.7322838547729509,2.267716145227049,-1.7322838547729509
2024,Copa America,Argentina,2024-06-21,13,1,2.0118876449631458,2.049772779,-2.0118876449631458,2.9881123550368542,-1.0118876449631458
