player,gender,shots,goals,xg,goals_minus_xg,luck_low,luck_high,beyond_luck
Lionel Andrés Messi Cuccittini,male,2583,442,353.7889228148112,88.2110771851888,-30.7889228148112,31.2110771851888,True
Luis Alberto Suárez Díaz,male,628,132,116.26079278605773,15.739207213942265,-16.260792786057735,16.739207213942265,False
Kylian Mbappé Lottin,male,294,55,43.25943430592151,11.74056569407849,-10.25943430592151,10.74056569407849,True
Samuel Eto''o Fils,male,299,63,52.0619608844583,10.938039115541699,-11.061960884458301,10.938039115541699,False
Zlatan Ibrahimović,male,224,44,34.80193375092304,9.198066249076959,-8.801933750923041,9.198066249076959,False
Thierry Henry,male,352,56,47.13969691278257,8.860303087217432,-10.139696912782568,10.860303087217432,False
Ousmane Dembélé,male,176,27,18.295998163016026,8.704001836983974,-7.295998163016026,6.704001836983974,True
Ivan Rakitić,male,227,27,18.520817800442398,8.479182199557602,-7.520817800442398,7.479182199557602,True
Gonzalo Gerardo Higuaín,male,196,35,26.84831910335398,8.15168089664602,-8.84831910335398,9.15168089664602,False
Vivianne Miedema,female,325,61,53.19318340736089,7.806816592639109,-11.193183407360891,11.806816592639109,False
Bethany Mead,female,170,29,21.25943702995687,7.740562970043129,-7.259437029956871,7.740562970043129,False
Alexis Alejandro Sánchez Sánchez,male,239,42,35.49781689129325,6.5021831087067525,-9.497816891293247,9.502183108706753,False
Xavier Hernández Creus,male,316,36,30.09083276167264,5.90916723832736,-9.09083276167264,8.90916723832736,False
Pedro Eliezer Rodríguez Ledesma,male,317,56,50.79509972782331,5.204900272176687,-10.795099727823313,11.204900272176687,False
Karim Benzema,male,167,34,29.211363026735377,4.788636973264623,-8.211363026735377,8.788636973264623,False
David Villa Sánchez,male,196,33,28.270224276495362,4.729775723504638,-8.270224276495362,8.729775723504638,False
Georgia Stanway,female,235,27,22.648867853120723,4.3511321468792765,-7.6488678531207235,8.351132146879277,False
Lauren Hemp,female,173,29,25.079547505112203,3.9204524948877975,-7.0795475051122025,7.9204524948877975,False
Chloe Kelly,female,207,25,21.466657203751197,3.533342796248803,-7.466657203751197,7.533342796248803,False
Harry Kane,male,210,31,27.622396951826904,3.3776030481730963,-8.622396951826904,8.402603048172733,False
Ellen White,female,151,30,26.711370916369034,3.2886290836309655,-7.7113709163690345,8.288629083630966,False
Francesc Fàbregas i Soler,male,159,23,19.856383733326524,3.143616266673476,-6.856383733326524,7.143616266673476,False
Ronaldo de Assis Moreira,male,204,20,17.566597981383712,2.433402018616288,-6.566597981383712,7.433402018616288,False
Ella Toone,female,153,19,16.603163955019575,2.396836044980425,-6.603163955019575,6.396836044980425,False
Fara Williams,female,156,13,10.897077720819272,2.102922279180728,-4.897077720819272,6.102922279180728,False
Antoine Griezmann,male,275,43,41.307890714172856,1.6921092858271436,-10.307890714172856,10.692109285827144,False
Daniel Alves da Silva,male,235,15,13.35642547283064,1.6435745271693598,-6.35642547283064,6.64357452716936,False
Samantha May Kerr,female,198,39,37.64787966841098,1.3521203315890205,-9.64787966841098,10.35212033158902,False
Lorenzo Insigne,male,156,12,11.11703804664781,0.88296195335219,-5.11703804664781,5.88296195335219,False
Erin Cuthbert,female,163,15,14.824966315775274,0.17503368422472576,-5.824966315775274,7.175033684224726,False
Bethany England,female,198,34,34.032420440299,-0.032420440298999154,-9.032420440299,8.967579559701,False
Neymar da Silva Santos Junior,male,451,77,77.56951962746274,-0.5695196274627392,-13.56951962746274,13.43048037253726,False
Gerard Piqué Bernabéu,male,190,25,27.17408181443094,-2.1740818144309415,-8.174081814430942,8.825918185569058,False
Cristiano Ronaldo dos Santos Aveiro,male,390,41,43.23842034005655,-2.2384203400565497,-10.263420340056541,10.76157965994345,False
Philippe Coutinho Correia,male,254,20,22.4603228039745,-2.460322803974499,-7.460322803974499,8.539677196025501,False
Romelu Lukaku Menama,male,156,24,26.759724802241045,-2.7597248022410454,-7.759724802241045,9.240275197758955,False
Andrés Iniesta Luján,male,370,24,32.21781195852449,-8.217811958524493,-9.217811958524493,9.782188041475507,False
Martin Braithwaite Christensen,male,164,14,23.88812505404165,-9.888125054041652,-7.888125054041652,8.111874945958348,True
